{
  "src/backend/crud.py": {
    "total": {
      "h1": 7,
      "h2": 15,
      "N1": 9,
      "N2": 17,
      "vocabulary": 22,
      "length": 26,
      "calculated_length": 78.25484338853101,
      "volume": 115.94522208456974,
      "difficulty": 3.966666666666667,
      "effort": 459.91604760212664,
      "time": 25.55089153345148,
      "bugs": 0.038648407361523245
    },
    "functions": {
      "compute_signatures": {
        "h1": 4,
        "h2": 9,
        "N1": 5,
        "N2": 10,
        "vocabulary": 13,
        "length": 15,
        "calculated_length": 36.52932501298081,
        "volume": 55.506595772116384,
        "difficulty": 2.2222222222222223,
        "effort": 123.34799060470309,
        "time": 6.852666144705727,
        "bugs": 0.01850219859070546
      },
      "compute_signature_hash": {
        "h1": 0,
        "h2": 0,
        "N1": 0,
        "N2": 0,
        "vocabulary": 0,
        "length": 0,
        "calculated_length": 0,
        "volume": 0,
        "difficulty": 0,
        "effort": 0,
        "time": 0.0,
        "bugs": 0.0
      },
      "create_network": {
        "h1": 0,
        "h2": 0,
        "N1": 0,
        "N2": 0,
        "vocabulary": 0,
        "length": 0,
        "calculated_length": 0,
        "volume": 0,
        "difficulty": 0,
        "effort": 0,
        "time": 0.0,
        "bugs": 0.0
      },
      "get_all_networks": {
        "h1": 0,
        "h2": 0,
        "N1": 0,
        "N2": 0,
        "vocabulary": 0,
        "length": 0,
        "calculated_length": 0,
        "volume": 0,
        "difficulty": 0,
        "effort": 0,
        "time": 0.0,
        "bugs": 0.0
      },
      "get_network_by_id": {
        "h1": 0,
        "h2": 0,
        "N1": 0,
        "N2": 0,
        "vocabulary": 0,
        "length": 0,
        "calculated_length": 0,
        "volume": 0,
        "difficulty": 0,
        "effort": 0,
        "time": 0.0,
        "bugs": 0.0
      },
      "search_subgraph": {
        "h1": 3,
        "h2": 4,
        "N1": 3,
        "N2": 5,
        "vocabulary": 7,
        "length": 8,
        "calculated_length": 12.75488750216347,
        "volume": 22.458839376460833,
        "difficulty": 1.875,
        "effort": 42.11032383086406,
        "time": 2.3394624350480036,
        "bugs": 0.007486279792153611
      },
      "delete_network": {
        "h1": 1,
        "h2": 2,
        "N1": 1,
        "N2": 2,
        "vocabulary": 3,
        "length": 3,
        "calculated_length": 2.0,
        "volume": 4.754887502163469,
        "difficulty": 0.5,
        "effort": 2.3774437510817346,
        "time": 0.1320802083934297,
        "bugs": 0.0015849625007211565
      }
    }
  },
  "src/backend/__init__.py": {
    "total": {
      "h1": 0,
      "h2": 0,
      "N1": 0,
      "N2": 0,
      "vocabulary": 0,
      "length": 0,
      "calculated_length": 0,
      "volume": 0,
      "difficulty": 0,
      "effort": 0,
      "time": 0.0,
      "bugs": 0.0
    },
    "functions": {}
  },
  "src/backend/database.py": {
    "total": {
      "h1": 0,
      "h2": 0,
      "N1": 0,
      "N2": 0,
      "vocabulary": 0,
      "length": 0,
      "calculated_length": 0,
      "volume": 0,
      "difficulty": 0,
      "effort": 0,
      "time": 0.0,
      "bugs": 0.0
    },
    "functions": {
      "get_db_connection": {
        "h1": 0,
        "h2": 0,
        "N1": 0,
        "N2": 0,
        "vocabulary": 0,
        "length": 0,
        "calculated_length": 0,
        "volume": 0,
        "difficulty": 0,
        "effort": 0,
        "time": 0.0,
        "bugs": 0.0
      },
      "get_db_cursor": {
        "h1": 0,
        "h2": 0,
        "N1": 0,
        "N2": 0,
        "vocabulary": 0,
        "length": 0,
        "calculated_length": 0,
        "volume": 0,
        "difficulty": 0,
        "effort": 0,
        "time": 0.0,
        "bugs": 0.0
      }
    }
  },
  "src/backend/app.py": {
    "total": {
      "h1": 3,
      "h2": 6,
      "N1": 4,
      "N2": 6,
      "vocabulary": 9,
      "length": 10,
      "calculated_length": 20.264662506490406,
      "volume": 31.699250014423125,
      "difficulty": 1.5,
      "effort": 47.548875021634686,
      "time": 2.6416041678685938,
      "bugs": 0.010566416671474375
    },
    "functions": {
      "root": {
        "h1": 0,
        "h2": 0,
        "N1": 0,
        "N2": 0,
        "vocabulary": 0,
        "length": 0,
        "calculated_length": 0,
        "volume": 0,
        "difficulty": 0,
        "effort": 0,
        "time": 0.0,
        "bugs": 0.0
      },
      "get_networks": {
        "h1": 0,
        "h2": 0,
        "N1": 0,
        "N2": 0,
        "vocabulary": 0,
        "length": 0,
        "calculated_length": 0,
        "volume": 0,
        "difficulty": 0,
        "effort": 0,
        "time": 0.0,
        "bugs": 0.0
      },
      "get_network": {
        "h1": 1,
        "h2": 1,
        "N1": 1,
        "N2": 1,
        "vocabulary": 2,
        "length": 2,
        "calculated_length": 0.0,
        "volume": 2.0,
        "difficulty": 0.5,
        "effort": 1.0,
        "time": 0.05555555555555555,
        "bugs": 0.0006666666666666666
      },
      "create_network": {
        "h1": 1,
        "h2": 2,
        "N1": 1,
        "N2": 2,
        "vocabulary": 3,
        "length": 3,
        "calculated_length": 2.0,
        "volume": 4.754887502163469,
        "difficulty": 0.5,
        "effort": 2.3774437510817346,
        "time": 0.1320802083934297,
        "bugs": 0.0015849625007211565
      },
      "search_networks": {
        "h1": 0,
        "h2": 0,
        "N1": 0,
        "N2": 0,
        "vocabulary": 0,
        "length": 0,
        "calculated_length": 0,
        "volume": 0,
        "difficulty": 0,
        "effort": 0,
        "time": 0.0,
        "bugs": 0.0
      },
      "delete_network": {
        "h1": 1,
        "h2": 1,
        "N1": 1,
        "N2": 1,
        "vocabulary": 2,
        "length": 2,
        "calculated_length": 0.0,
        "volume": 2.0,
        "difficulty": 0.5,
        "effort": 1.0,
        "time": 0.05555555555555555,
        "bugs": 0.0006666666666666666
      },
      "health_check": {
        "h1": 0,
        "h2": 0,
        "N1": 0,
        "N2": 0,
        "vocabulary": 0,
        "length": 0,
        "calculated_length": 0,
        "volume": 0,
        "difficulty": 0,
        "effort": 0,
        "time": 0.0,
        "bugs": 0.0
      }
    }
  }
}
